Omeka Item #,DataScribe Item #,DataScribe Record #,DataScribe Record Position,Unique Identifier,Start day,Start month,Start year,End day,End month,End year,St Alban Woodstreet,Alhallows Barking,Alhallows Breadstreet,Alhallows Great,Alhallows Honylane,Alhallows Lesse,Alhallows Lumbardstreet,Alhallows Stayning,Alhallows the Wall,St Alphage,St Andrew Hubbard,St Andrew Undershaft,St Andrew Wardrobe,St Ann Aldersgate,St Ann Blackfryers,St Antholins Parish,St Austins Parish,St Bartholomew Exchange,St Bennet Fynck,St Bennet Gracechurch,St Bennet Paulswharf,St Bennet Sherehog,St Botolph Billingsgate,Christ Church,St Christophers,St Clement Eastcheap,St Dionis Backchurch,St Dunstan East,St Edmund Lumbardstr.,St Ethelborough,St Faith,St Foster,St Gabriel Fenchurch,St George Botolphlane,St Gregory by St Pauls,St Hellen,St James Dukes place,St James Garlickhithe,St John Baptist,St John Evangelist,St John Zachary,St Katharine Coleman,St Katharine Creechurch,St Lawrence Jewry,St Lawrence Pountney,St Leonard Eastcheap,St Leonard Fosterlane,St Magnus Parish,St Margaret Lothbury,St Margaret Moses,St Margaret Newfishstreet,St Margaret Pattons,St Mary Abchurch,St Mary Aldermanbury,St Mary Aldermary,St Mary le Bow,St Mary Bothaw,St Mary Colechurch,St Mary Hill,St Mary Mounthaw,St Mary Sommerset,St Mary Stayning,St Mary Woolchurch,St Mary Woolnoth,St Martin Iremongerlane,St Martin Ludgate,St Martin Orgars,St Martin Outwich,St Martin Vintrey,St Matthew Fridaystreet,St Maudlin Milkstreet,St Maudlin Oldfishstreet,St Michael Bassishaw,St Michael Cornhil,St Michael Crookedlane,St Michael Queenhithe,St Michael Quern,St Michael Royal,St Michael Woodstreet,St Mildred Breadstreet,St Mildred Poultrey,St Nicholas Acons,St Nicholas Coleabby,St Nicholas Olaves,St Olave Hartstreet,St Olave Jewry,St Olave Silverstreet,St Pancras ,St Peter Ad Vincula,St Peter Cheap,St Peter Cornhil,St Peter Paulswharf,St Peter Poor,St Steven Colemanstreet,St Steven Walbrook,St Swithin,St Thomas Apostles,Trinity Parish,Christened in the 97 parishes within the walls,Buried in the 97 parishes within the walls,Plague in the 97 parishes within the walls,St Andrew Holborn,St Bartholomew Great,St Bartholomew Less,St Botolph Aldersgate,St Botolph Aldgate,St Botolph Bishopsgate,Bridewel Precinct,St Bridget,St John Southwark,St Dunstan West,St George Southwark,St Giles Cripplegate,St Olave Southwark,Saviours Southwark,S Sepulchres Parish,St Thomas Southwark,Trinity Minories,Pesthouse Without the Walls,Christened in the parishes without the walls,Buried in the parishes without the walls,Plague in the parishes without the walls,St Ann in Middlesex,Christ Church in Middlesex,Christ Church in Surry,St George in Bloomsburg,St George in Middlesex,St George by Queen's Square,St Giles in the Field,Hackney Parish,St John at Wapping,St James Clerkenwel,St Katharine Tower,Lambeth Parish,St Leonard Shoreditch,St Luke in Middlesex,St Magdalen Bermondsey,St Matthew at Bethnal Green,St Mary Islington,St Mary Newington,St Mary Whitechappel,St Pauls Shadwel,Rothorith Parish,Stepney Parish,Christened in the out-Parishes in Middlesex and Surrey,Buried in the out-Parishes in Middlesex and Surrey,Plague in the out-Parishes in Middlesex and Surrey,St Ann in Westminster,St Clement Danes,St George Hanover-square,St James in Westminster,St John the Evangelist,St Paul Covent Garden,St Martin in the fields,St Mary Savoy,St Mary le Strand,St Margaret Westminster,Pesthouse in Westminster,Christened in the Parishes and Liberties of Westminster,Buried in the Parishes and Liberties of Westminster,Plague in the Parishes and Liberties of Westminster
4352,1343,168,1,Millar-1680-1681-GeneralBill ,14,December,1680,19,December,1681,31,110,29,96,0,26,27,41,104,56,20,77,82,50,134,23,21,34,20,22,56,5,16,131,20,19,43,96,30,31,42,42,24,9,94,50,53,55,24,16,25,62,80,78,22,18,47,41,48,5,0,17,30,46,37,37,3,2,32,11,49,17,1,54,7,49,39,16,37,31,1,54,33,35,28,58,22,19,23,17,33,3,21,17,64,21,36,14,,12,40,16,30,167,29,41,29,0,2188,3669,0,952,109,39,214,793,618,30,467,,334,369,1700,936,627,830,88,30,0,4192,8136,0,,,158,,,,1249,117,,394,198,304,611,,570,,141,273,1098,541,174,2112,4161,7940,0,,594,,,,218,2387,147,,880,0,2814,4226,0
4353,1344,171,1,Millar-1681-1682-GeneralBill,19,December,1681,19,December,1682,33,111,18,60,0,22,29,22,60,44,14,42,54,40,139,19,14,18,29,5,56,1,9,88,16,8,36,70,26,28,44,31,18,11,76,38,45,47,17,9,24,51,72,60,22,7,42,39,44,2,0,10,25,25,31,34,10,5,34,9,43,20,1,27,3,45,22,14,41,22,0,44,26,32,26,69,10,11,19,10,30,5,24,18,42,21,37,10,,9,41,10,32,30,24,27,23,0,2091,2975,0,841,74,31,209,840,535,25,381,,269,329,1315,804,594,649,75,38,0,4493,7009,0,,,143,,,,1120,108,,312,224,297,452,,504,,123,202,1030,593,153,1823,4365,7084,0,,522,,,,152,2059,111,,779,0,2704,3623,0
4354,1345,172,1,Millar-1682-1683-GeneralBill ,19,December,1682,18,December,1683,26,104,14,47,0,22,24,28,71,27,16,39,47,58,102,29,13,17,24,15,46,2,9,85,15,24,39,85,30,15,39,30,18,11,82,30,22,63,18,9,28,48,79,46,15,14,29,45,33,2,0,12,27,30,42,11,7,5,31,14,57,12,0,37,6,42,26,8,39,15,0,36,29,33,34,46,12,19,22,19,36,4,30,6,49,12,34,11,,4,26,12,2,134,27,24,23,11,2355,2876,0,831,79,29,207,663,576,37,375,,252,339,1406,756,589,599,69,31,0,4756,6838,0,,,168,,,,1181,74,,348,202,325,442,,433,,115,204,866,463,162,1843,4638,6826,0,,509,,,,188,2340,123,,887,0,2986,4047,0
4355,1346,173,1,Millar-1683-1684-GeneralBill ,18,December,1683,16,December,1684,41,109,21,77,0,26,29,38,69,36,22,68,63,47,121,22,21,16,22,16,71,0,16,121,24,14,28,99,31,23,39,29,16,8,85,40,42,48,26,6,21,65,69,52,27,13,37,59,36,7,1,24,34,28,48,23,5,3,31,10,46,11,1,47,5,42,20,19,55,16,0,38,33,28,29,41,14,12,10,25,46,3,20,14,59,16,59,7,,9,38,22,30,153,27,42,14,29,2193,3279,0,923,85,34,227,883,613,39,432,,285,401,1527,806,652,723,78,29,0,4736,7737,0,,,195,,,,1318,106,,400,134,387,539,,516,,127,280,1060,522,188,2171,4660,8043,0,,582,,,,203,2362,135,,861,0,3113,4143,0
4356,1347,174,1,Millar-1684-1685-GeneralBill ,16,December,1684,15,December,1685,36,76,23,58,0,12,35,34,64,39,16,48,74,59,133,20,27,14,33,10,56,2,8,126,21,14,33,101,34,28,44,46,12,11,85,30,43,66,27,8,23,45,73,56,24,13,53,56,42,4,0,18,24,35,58,33,9,1,34,11,36,20,0,34,5,72,24,12,45,23,0,37,31,32,31,51,18,17,18,19,51,1,24,16,67,20,43,17,,5,35,17,30,155,23,30,9,13,2312,3299,0,1004,79,33,253,896,620,47,400,,290,354,1482,903,635,787,87,28,0,4878,7898,0,,,171,,,,1350,115,,385,222,254,549,,507,,108,215,923,468,140,1984,4551,7391,0,,528,,429,,194,2317,143,,1013,,2989,4634,0
4357,1348,183,1,Millar-1685-1686-GeneralBill,15,December,1685,14,December,1686,33,86,17,64,0,20,31,39,88,46,16,53,48,51,127,11,27,18,22,13,69,3,18,100,21,7,39,105,27,33,39,42,9,16,81,39,31,61,31,11,18,40,74,66,17,9,42,38,30,1,0,12,38,27,57,23,5,1,36,17,35,25,3,34,14,46,23,15,43,17,0,31,36,30,37,52,9,19,10,27,38,12,18,17,55,18,27,9,,8,44,27,33,136,22,18,14,18,2211,3163,0,978,79,45,239,776,611,35,435,,274,391,1522,780,585,739,82,16,0,4927,7587,0,,,178,,,,1374,110,,413,220,303,493,,464,,129,242,978,525,171,1882,4574,7482,0,244,606,,837,,214,1471,140,,865,,2982,4377,0
4378,1349,167,1,Millar-1686-1687-GeneralBill,14,December,1686,13,December,1687,26,98,18,61,0,13,26,42,62,45,17,52,43,31,107,26,26,20,15,9,48,3,10,103,8,12,36,99,29,18,47,40,14,17,87,40,33,48,29,9,26,43,63,66,15,6,38,43,41,3,0,7,28,38,40,22,5,3,31,17,29,14,0,29,7,48,20,14,48,19,0,40,34,25,25,47,18,7,11,25,37,2,20,6,51,16,34,12,,5,38,12,27,116,19,25,14,11,2104,2907,0,842,92,45,199,756,552,34,345,,242,291,1463,683,575,669,85,19,0,4781,6892,0,,,183,,,,1283,86,,373,216,279,515,,395,,105,269,941,421,136,,4821,7186,0,388,555,,933,,219,1379,116,,885,,3245,4475,0
4379,1350,170,1,Millar-1687-1688-GeneralBill,13,December,1687,11,December,1688,33,88,20,61,0,19,26,50,67,40,20,51,58,36,148,10,24,14,21,7,54,4,14,110,8,18,32,98,29,22,53,42,10,14,91,44,39,57,24,12,18,42,79,47,18,12,34,52,37,11,0,18,33,25,33,31,5,2,30,5,33,17,0,29,8,53,18,17,54,17,0,42,35,39,35,35,25,7,11,29,43,1,15,14,63,18,36,11,,12,30,20,34,124,17,24,39,19,2070,3124,0,871,76,37,213,780,558,26,356,,297,382,1502,825,628,728,86,18,0,4701,7383,0,,,161,,,,1375,122,,391,211,306,487,,484,,162,270,1073,391,169,2226,4666,7828,0,432,567,,962,,195,1394,99,,937,,3151,4586,0
4380,1351,176,1,Millar-1688-1689-GeneralBill,11,December,1688,17,December,1689,25,97,24,61,0,15,25,39,81,42,20,50,75,42,118,14,25,20,18,13,52,3,14,133,11,19,31,110,32,22,44,33,9,14,70,46,52,58,20,10,17,45,77,67,18,9,30,45,30,3,0,15,31,34,34,23,5,3,36,10,38,10,1,26,5,44,18,6,52,26,0,41,21,35,27,36,11,10,13,23,28,2,17,6,61,19,32,7,,10,27,17,29,137,15,31,20,15,2079,3035,0,961,83,47,227,771,603,15,358,,279,327,1530,757,655,747,81,36,0,4705,7477,0,,,171,,,,1515,130,,454,242,299,556,,454,,111,272,1128,454,159,2187,4650,8132,0,455,556,,1015,,210,1454,124,,1044,,3337,4858,0
4381,1352,181,1,Millar-1689-1690-GeneralBill,17,December,1689,16,December,1690,25,123,13,75,0,25,28,20,77,31,19,41,51,31,149,19,20,20,20,13,35,1,10,93,24,13,40,107,26,30,38,38,11,14,67,39,28,45,21,8,19,45,69,45,16,4,57,40,34,7,0,14,24,32,24,22,9,4,23,14,24,16,0,34,4,49,14,18,44,9,0,40,27,23,41,33,11,17,13,13,30,4,17,12,48,13,23,13,,9,43,15,26,146,18,31,22,17,2228,2907,0,915,70,33,170,667,542,29,357,,277,400,1325,739,582,653,91,19,0,4827,6869,0,,,139,,,,1274,100,,383,200,290,513,,450,,94,298,1019,445,167,1872,4811,7244,0,410,537,,908,,197,1358,100,,931,,3345,4441,0
4382,1353,182,1,Millar-1690-1691-GeneralBill,16,December,1690,15,December,1691,23,90,30,71,0,20,31,38,48,25,21,48,65,26,150,14,24,10,16,8,46,3,14,99,14,17,24,90,44,24,37,33,18,13,74,29,38,38,16,8,10,46,92,60,20,9,37,39,33,6,0,19,36,36,34,21,8,1,29,16,34,16,0,33,7,47,16,14,53,16,0,33,36,24,31,37,15,26,23,17,23,0,17,9,50,22,26,7,,17,35,15,15,136,19,24,17,22,2179,2921,0,1005,84,41,196,726,517,28,360,,295,360,1448,793,555,755,93,22,0,4906,7278,0,,,167,,,,1436,101,,423,170,268,528,,410,,114,279,1062,453,136,2064,4913,7611,0,508,508,,1029,,188,1491,145,,1012,,3056,4881,0
4383,1354,165,1,Millar-1691-1692-GeneralBill,15,December,1691,13,December,1692,17,80,15,56,0,15,28,26,63,36,13,44,56,29,131,14,11,19,20,9,51,4,11,93,13,10,29,77,35,28,52,31,13,10,69,39,34,39,22,3,17,41,55,43,13,1,34,46,24,2,0,14,31,21,27,18,6,1,37,6,33,15,0,34,2,30,24,12,32,15,0,32,27,21,31,24,14,19,5,16,29,1,14,10,53,10,29,5,,14,39,13,30,94,29,25,18,15,2136,2596,0,871,73,27,200,713,527,27,365,332,262,332,1246,785,535,598,87,23,0,4865,6671,0,,,142,,,,1353,93,,353,188,250,498,,402,,122,232,983,430,137,,4881,7324,0,462,473,,874,,193,1323,141,,907,,3036,4373,0
4384,1355,169,1,Millar-1692-1693-GeneralBill,13,December,1692,19,December,1693,31,80,25,39,0,18,32,40,68,37,8,46,42,47,129,19,16,22,20,8,44,5,10,104,12,13,33,69,39,34,48,41,13,15,89,29,21,35,23,5,15,42,65,60,15,9,40,32,31,6,0,17,29,21,31,21,4,0,27,9,26,14,0,42,6,43,18,16,42,20,0,33,36,30,29,36,18,20,17,6,20,1,17,14,52,14,34,7,,10,30,8,21,90,28,17,20,12,2106,2740,0,940,78,35,177,555,499,33,307,,242,402,1342,741,567,543,96,25,0,5050,6582,0,,,134,,,,1209,77,,393,181,306,484,,387,,150,249,1048,428,152,,5017,7222,0,426,445,,922,,193,1365,130,,934,,2986,4415,0
4385,1356,198,1,Millar-1693-1694-GeneralBill,19,December,1693,18,December,1694,31,81,16,55,0,18,28,44,93,34,25,62,64,35,132,17,19,28,32,14,45,3,11,111,12,22,31,101,37,41,59,35,14,12,88,25,38,35,24,4,12,71,76,65,19,9,57,44,31,6,2,18,35,39,34,31,2,5,37,11,31,16,0,30,9,39,16,28,28,15,0,28,28,24,41,45,18,24,17,19,28,4,16,8,68,12,40,8,,12,46,17,45,108,20,24,27,15,1951,3134,0,1105,83,35,235,738,674,24,383,,264,423,1535,730,580,668,91,22,0,4488,7590,0,,,167,,,,1490,93,96,438,120,323,516,,453,,121,233,937,491,159,2298,4218,8035,0,617,545,,1124,,195,1643,160,,1057,,2975,5341,0
4386,1357,199,1,Millar-1694-1695-GeneralBill,18,December,1694,17,December,1695,15,84,21,51,0,14,19,38,57,32,8,47,41,29,124,8,21,22,20,10,46,1,8,98,13,18,28,68,28,18,45,32,10,9,75,25,19,45,21,5,12,42,66,45,13,7,41,31,23,3,0,11,18,27,22,19,4,1,34,6,28,17,3,31,3,37,9,12,35,14,0,23,26,26,17,45,13,11,12,11,20,6,26,7,41,15,26,15,,5,28,16,30,91,21,29,20,19,1970,2486,0,960,61,22,196,508,483,24,285,,187,295,1180,628,479,589,73,15,0,4920,5985,0,,,142,,,,1169,92,221,329,174,220,429,,336,,112,161,646,361,133,1807,4468,6332,0,426,468,,876,,203,1328,128,,815,,2918,4244,0
4387,1358,200,1,Millar-1695-1696-GeneralBill,17,December,1694,15,December,1696,27,93,26,54,0,17,10,28,52,24,19,36,40,35,129,13,11,20,12,19,35,1,13,106,14,8,37,66,22,20,50,27,9,8,65,34,24,40,22,5,12,40,61,51,9,12,39,40,29,5,0,16,27,33,30,31,8,1,30,13,38,16,0,29,3,34,13,13,33,15,0,36,31,24,25,47,10,21,11,17,16,5,10,7,41,11,27,2,,20,35,14,21,95,16,20,11,10,2028,2534,0,933,55,26,209,487,450,28,300,,169,324,1044,629,447,600,95,14,0,4795,5180,0,,,105,,,,1093,82,274,325,167,226,384,,364,,126,177,624,367,145,1759,4970,6218,0,404,415,,915,,204,1228,120,,790,,3068,4076,0
4408,1359,184,1,Millar-1696-1697-GeneralBill,15,December,1696,14,December,1697,21,99,22,72,0,30,36,29,55,43,14,46,42,28,147,11,23,21,18,20,39,4,13,135,14,15,30,100,30,30,31,18,9,3,85,42,25,45,26,7,23,51,78,57,17,12,38,38,27,5,0,16,21,28,28,18,5,3,42,3,33,17,0,27,7,36,24,8,41,14,0,31,36,30,38,53,24,16,15,18,25,0,16,10,53,14,37,7,,18,30,15,26,17,17,29,17,18,2113,2905,0,952,77,26,166,610,535,32,325,,222,342,1295,665,503,605,79,17,0,5021,6451,0,,,128,,,,1287,94,330,357,192,210,495,,397,,73,185,731,432,160,2008,5355,7079,0,507,501,,923,,232,1436,124,,812,0,3340,4535,0
4409,1360,185,1,Millar-1697-1698-GeneralBill ,14,December,1697,20,December,1698,10,72,15,40,0,19,24,36,61,42,19,32,45,28,125,10,23,23,21,10,43,2,8,156,11,16,34,61,31,35,31,32,15,8,65,28,16,39,15,3,22,51,72,57,10,9,30,41,26,6,0,16,21,24,32,28,3,2,33,3,35,18,0,40,4,40,13,7,30,22,0,27,23,24,29,40,24,18,16,21,22,0,26,5,51,16,30,9,,8,26,21,34,125,18,30,11,13,2171,2666,0,853,71,30,188,541,452,31,270,,168,280,1062,667,500,611,78,19,0,5120,5821,0,,,158,,,,1307,118,339,390,174,263,429,,425,,88,179,691,482,188,2131,5686,7362,0,412,435,,975,,211,1385,82,,834,,3075,4334,0
4410,1361,197,1,Millar-1698-1699-GeneralBill ,20,December,1698,19,December,1699,33,82,9,50,4,11,30,24,53,32,13,46,65,37,122,13,13,16,16,18,45,1,11,118,19,12,23,87,32,23,41,30,6,17,83,28,13,32,25,3,21,61,68,48,19,17,45,51,27,11,0,20,32,26,33,25,4,2,34,7,40,18,0,31,3,43,24,16,43,13,0,25,30,29,22,43,15,12,9,16,21,0,23,6,46,15,30,5,,15,27,15,30,129,19,21,26,19,2072,2766,0,873,73,37,203,601,514,31,316,,205,358,1177,746,517,588,67,21,0,4706,6327,0,,,167,,,,1252,113,301,331,121,278,481,,454,,94,193,841,460,153,2093,5360,7332,0,401,431,,916,,212,1411,114,,885,,3269,4370,0
4411,1362,204,1,Millar-1699-1700-GeneralBill,19,December,1699,17,December,1700,29,83,17,63,4,14,23,27,60,37,14,39,53,30,125,12,16,15,18,16,29,1,10,135,21,13,28,82,15,28,37,29,5,13,77,30,14,41,19,4,26,52,61,53,17,5,38,49,21,5,0,22,24,26,22,18,2,0,28,7,29,14,0,33,3,49,18,9,33,11,0,34,27,21,27,36,16,27,8,22,18,2,12,7,45,8,28,6,,9,25,13,33,147,16,27,18,23,1790,2656,0,906,41,22,188,502,465,23,278,,171,342,1192,581,480,554,55,12,,4580,5812,0,,,141,,,,1200,84,272,294,152,240,447,,376,,99,167,715,331,211,1918,5053,6647,0,496,403,,927,,180,1424,104,,794,,3216,4328,0
4412,1363,211,1,Millar-1700-1701-GeneralBill,17,December,1700,16,December,1701,29,86,18,41,4,14,16,34,61,32,20,41,48,33,138,8,12,18,28,16,39,2,14,117,16,13,27,76,28,34,42,32,7,13,81,38,11,49,27,5,27,63,70,53,15,12,43,42,24,3,0,6,30,30,17,21,6,1,29,5,44,17,0,32,9,40,19,13,20,11,0,29,26,24,36,38,14,26,9,20,21,0,13,14,40,13,27,5,,11,25,18,24,109,25,18,24,12,1762,2691,0,904,70,33,198,527,507,9,302,,175,347,1148,711,519,634,80,18,,4783,6182,0,,,106,,,,1298,117,289,336,167,278,469,,410,,114,195,735,375,172,2057,5440,7118,0,446,434,,1007,,212,1424,126,,831,,3631,4480,0
4413,1364,175,1,Millar-1701-1702-GeneralBill,16,December,1701,15,December,1702,21,84,20,33,2,15,27,36,52,31,18,46,56,17,131,17,15,28,32,8,42,1,11,98,14,15,30,80,22,25,26,26,9,16,68,27,13,37,13,5,19,54,53,43,12,7,21,39,34,2,0,15,31,21,30,32,4,0,24,3,35,19,0,23,12,35,20,13,39,18,0,46,36,17,27,27,8,8,7,23,16,0,23,9,41,11,19,5,,14,30,16,18,21,18,25,11,11,1919,2512,0,899,54,23,179,483,492,25,291,,169,375,1002,739,564,527,69,11,,4845,5902,0,,,121,,,,1310,100,292,309,162,271,427,,382,,105,204,731,420,147,1940,5300,6921,0,401,432,,928,,179,1366,104,,736,,3623,4146,0
4414,1365,186,1,Millar-1702-1703-GeneralBill,15,December,1702,14,December,1703,26,93,13,38,0,11,16,38,70,31,10,45,48,31,118,12,20,17,12,16,49,3,9,105,15,16,38,77,23,21,26,15,9,18,77,30,24,45,12,3,22,47,45,29,16,11,37,39,35,3,0,14,28,33,30,25,3,2,32,2,24,17,0,30,6,36,24,8,34,15,0,33,34,21,24,36,11,30,7,14,14,1,10,6,39,13,21,7,,14,39,14,23,120,25,24,9,24,1773,2550,0,981,70,31,186,530,553,10,268,,159,366,1197,717,509,622,66,20,,4781,6285,0,,,145,,,,1333,105,244,353,156,250,490,,387,,115,213,804,423,161,2150,5392,7329,0,424,436,,1060,,205,1400,112,,919,,3502,4556,0
4415,1366,154,1,Millar-1703-1704-GeneralBill ,14,December,1703,19,December,1704,27,69,24,50,4,16,22,31,70,36,10,39,47,33,137,15,16,24,21,13,52,2,4,115,10,13,41,69,27,26,43,38,12,15,73,36,21,45,19,4,15,69,52,48,21,7,33,45,34,1,0,15,25,32,18,31,7,2,29,13,35,16,0,25,9,31,24,12,38,18,0,40,36,17,23,34,13,20,5,15,13,0,28,11,40,13,22,8,,11,27,19,33,144,21,23,16,26,1928,2732,0,1087,94,30,232,645,545,23,327,,190,376,1160,747,594,658,61,26,,4868,6795,0,,,137,,,,1458,134,331,363,178,246,658,,408,,147,179,853,498,215,2406,5494,8251,0,505,455,,1099,,205,1489,130,,1023,,3605,4906,0
4416,1367,152,1,Millar-1704-1705-GeneralBill,19,December,1704,18,December,1705,32,84,15,49,6,17,18,42,61,27,8,38,64,39,117,9,13,21,34,14,46,1,13,106,19,17,22,66,29,27,40,34,8,13,72,30,36,29,19,3,17,61,54,42,11,17,40,43,41,4,0,19,26,37,20,23,6,0,40,7,38,16,1,25,12,39,11,9,25,8,0,33,35,18,29,49,16,10,9,14,17,3,28,9,33,13,28,4,,13,36,12,36,122,20,23,30,26,1850,2696,,942,74,29,249,617,549,14,315,,184,373,1189,799,625,631,76,26,,5013,6692,,,,176,,,,1544,125,287,371,166,299,637,,403,,143,197,812,419,211,2267,5891,8057,,439,493,,934,,204,1489,120,,973,,3391,4653,
4417,1368,187,1,Millar-1705-1706-GeneralBill,18,December,1705,10,December,1706,20,78,12,27,2,15,14,29,57,25,11,53,41,28,124,15,15,28,12,11,32,2,9,92,9,15,19,68,23,25,32,29,13,15,48,24,17,29,14,2,6,59,53,21,19,9,22,44,27,1,0,11,29,22,19,25,2,1,33,4,39,9,0,22,8,27,17,10,42,9,0,28,25,25,28,45,7,18,15,20,13,4,18,6,25,12,24,7,,10,20,21,30,103,16,28,8,12,1796,2292,,991,48,21,175,544,474,24,305,,168,326,1099,665,545,590,90,19,,4806,6084,,,,140,,,,1303,111,268,377,159,299,520,,364,,127,174,727,437,196,2069,5444,7271,,398,436,,976,,151,1294,141,,804,,3323,4200,
4438,1369,188,1,Millar-1706-1707-GeneralBill,10,December,1706,16,December,1707,25,91,13,48,1,18,17,30,72,36,8,46,55,36,135,18,10,14,21,13,48,2,4,103,14,16,28,60,12,21,32,35,7,8,66,28,14,38,18,3,19,51,65,33,20,11,38,36,29,0,0,10,32,34,22,29,4,2,36,7,34,11,0,34,9,29,20,6,31,12,0,23,25,22,23,36,9,16,23,17,21,6,15,12,26,12,41,8,,8,25,11,28,104,24,24,8,15,1879,2513,,986,60,31,182,621,524,30,285,,178,386,1307,730,599,658,139,25,,5071,6741,,,,118,,,,1425,139,360,419,147,315,540,,395,,132,195,787,424,220,2127,5703,7743,,445,429,,1030,,192,1485,132,,890,,3413,4603,
4439,1370,163,1,Millar-1707-1708-GeneralBill,16,December,1707,14,December,1708,28,91,14,42,6,10,10,16,61,32,12,52,57,37,134,11,18,21,22,9,60,0,9,99,17,13,21,62,19,33,36,27,11,10,76,41,20,36,23,5,14,55,59,37,13,7,31,44,39,4,0,15,21,31,28,26,4,1,32,18,32,11,1,28,17,34,15,10,40,8,0,37,21,27,27,42,11,10,15,15,10,5,10,5,37,9,29,8,,13,25,9,25,109,17,18,6,18,1897,2534,,1017,74,34,196,569,496,29,344,,206,448,1204,703,582,606,111,22,,4890,6641,,,,150,,,,1370,125,310,412,152,114,543,,463,,294,212,647,413,201,2084,5661,7490,,444,485,,1058,,194,1487,124,,834,,3414,4626,
4440,1371,191,1,Millar-1708-1709-GeneralBill,14,December,1708,13,December,1709,38,104,12,49,3,22,10,29,38,46,9,42,66,35,129,14,15,16,20,9,41,2,11,101,19,12,28,70,26,16,27,22,7,10,55,32,21,39,22,10,21,56,53,49,18,9,24,33,26,1,0,11,26,32,22,29,4,0,35,14,29,25,0,32,6,35,16,18,37,17,0,34,29,16,29,40,13,17,14,11,21,3,10,11,33,9,24,7,,12,26,10,40,109,20,21,13,12,1852,2539,,1103,55,38,222,616,522,20,379,,210,452,1349,771,641,671,195,18,,4593,7262,,,,148,,,,1296,120,347,364,169,287,531,,396,,124,237,707,448,219,2100,5288,7493,,418,475,,945,,195,1456,157,,860,,3487,4506,
4441,1372,178,1,Millar-1709-1710-GeneralBill ,13,December,1709,12,December,1710,32,105,13,63,3,33,17,38,63,50,16,40,73,38,126,17,19,21,27,14,63,0,12,154,15,22,32,92,24,28,28,26,11,12,52,38,17,39,34,2,17,85,68,51,11,11,40,35,27,4,0,19,33,29,26,32,9,2,35,14,42,16,0,31,12,33,16,10,54,15,0,31,32,29,28,45,10,19,13,12,16,5,18,9,40,5,38,6,,2,42,20,29,100,18,23,31,20,1815,2927,,1213,74,40,211,641,632,21,362,,190,542,1637,811,729,698,162,16,,4751,7979,,,,163,,,,1653,142,289,482,200,301,675,,447,,111,186,777,470,174,2473,5134,8543,,458,528,,1139,,229,1684,156,,977,,3228,5171,
4442,1373,190,1,Millar-1710-1711-GeneralBill,12,December,1710,11,December,1711,21,100,13,47,1,12,15,31,45,30,6,33,52,34,166,13,19,19,18,5,38,1,9,108,10,10,29,57,20,22,27,29,6,13,66,34,21,40,17,4,17,40,64,44,22,8,30,31,29,6,0,15,23,22,16,19,3,1,23,8,32,22,0,16,9,23,12,20,34,13,0,21,23,13,19,29,9,25,11,12,19,4,8,3,36,5,26,7,,8,36,12,31,92,27,24,10,20,1719,2371,,977,64,36,162,536,465,21,339,,180,363,1169,712,571,611,133,16,,4683,6355,,,,123,,,,1205,120,294,342,138,268,465,,376,,146,174,645,337,154,1893,5042,6680,,397,468,,931,,211,1378,168,,874,,3262,4427,
4443,1374,195,1,Millar-1711-1712-GeneralBill,11,December,1711,16,December,1712,27,91,15,37,7,15,17,33,58,30,1,29,42,28,128,16,11,19,13,8,41,2,12,130,9,18,27,74,21,33,25,34,3,14,45,24,23,32,29,5,25,41,49,41,15,7,29,33,31,2,0,13,26,25,28,24,2,2,48,11,52,20,0,27,8,26,11,10,32,9,0,22,27,33,19,46,11,15,8,11,18,5,20,9,31,11,31,4,,4,28,15,29,110,16,23,10,19,1859,2438,,975,64,26,193,550,493,30,325,,189,442,1276,784,634,555,134,25,,5045,6695,,,,158,,,,1303,118,322,371,164,304,531,,,,125,180,705,427,197,2153,5327,7474,,403,526,,1011,,222,1413,125,,891,,3429,4591,
4444,1375,196,1,Millar-1712-1713-GeneralBill,16,December,1712,15,December,1713,17,97,18,55,3,7,11,24,45,36,6,35,50,41,110,15,14,19,15,5,31,2,7,135,14,15,17,85,21,29,38,21,6,13,52,34,21,50,11,1,13,57,54,57,15,7,35,36,22,4,0,10,24,32,25,32,10,2,37,14,42,18,0,20,11,38,13,15,40,6,0,27,33,26,29,37,6,17,9,3,19,2,13,7,42,12,20,8,,12,38,20,30,84,13,24,15,20,1783,2481,,988,59,42,196,611,424,19,298,,185,445,1218,779,618,577,156,22,,5251,6637,,,,139,,,,1424,130,298,405,197,327,499,,413,,136,202,706,391,202,1890,5549,7359,,371,525,,1067,,171,1495,113,,838,,3344,4580,
4445,1376,227,1,Millar-1713-1714-GeneralBill,15,December,1713,14,December,1714,31,94,22,63,0,18,15,22,41,36,0,61,66,50,155,17,15,14,21,12,52,1,10,158,23,17,33,80,16,27,24,28,9,10,75,43,41,44,28,2,21,76,35,67,19,13,33,36,36,4,0,19,33,28,27,37,7,0,57,18,35,45,1,22,13,35,13,19,56,12,0,39,22,25,23,32,19,21,6,15,42,1,12,15,60,4,38,2,,15,28,22,34,105,17,17,30,26,1810,2961,,1274,74,31,234,796,607,13,420,,216,564,1491,863,714,718,161,24,,5691,8200,,,,190,,,,1743,179,346,502,208,336,662,,504,,194,242,952,486,239,2646,6123,9429,,490,576,,1546,,242,1787,145,,1193,,3871,5979,
4446,1377,192,1,Millar-1714-1715-GeneralBill,14,December,1714,13,December,1715,16,92,17,54,0,20,24,29,40,32,2,52,44,37,110,10,15,15,20,21,30,1,13,117,18,11,31,61,17,28,44,25,6,8,75,30,19,39,24,2,21,44,34,43,13,8,35,33,30,4,0,15,32,32,29,32,5,0,34,17,27,35,0,10,10,20,15,23,46,10,0,34,22,18,46,38,7,8,14,12,23,1,20,11,32,8,26,0,,13,34,23,26,89,14,24,32,12,1828,2493,,1077,61,30,227,674,573,18,326,,193,503,1339,696,677,670,170,25,,5704,7259,,,,165,,,,1452,136,251,419,168,284,575,,415,,160,279,794,358,214,2110,5862,7780,,420,464,,1165,,183,1415,113,,941,,3840,4700,
4447,1378,193,1,Millar-1715-1716-GeneralBill,13,December,1715,11,December,1716,27,115,15,76,0,8,9,19,65,40,5,54,83,50,169,11,16,20,18,14,50,0,10,124,27,14,31,57,25,28,28,24,4,14,66,25,21,28,19,4,26,49,59,45,14,9,35,34,23,17,0,15,20,19,33,29,6,0,41,11,40,23,0,11,7,46,6,24,38,13,0,43,25,25,24,35,17,15,19,18,26,0,22,7,41,7,34,2,,7,33,28,26,90,13,19,23,20,1884,2725,,1398,66,39,216,756,503,23,365,,193,497,1343,762,793,723,169,14,,5742,7860,,,,194,,,,1606,141,284,562,181,327,578,,411,,159,304,809,405,209,2259,5956,8429,,502,501,,1308,,241,1626,118,,1126,,3839,5422,
4468,1379,194,1,Millar-1716-1717-GeneralBill,11,December,1716,17,December,1717,27,110,19,56,0,28,16,31,57,33,3,57,48,45,131,13,14,17,23,9,41,0,15,123,25,15,34,57,15,22,30,28,10,11,53,41,26,40,22,2,21,52,31,53,17,7,20,35,28,6,3,16,28,33,22,37,6,0,36,11,44,27,0,12,15,50,14,15,41,15,0,22,22,13,18,25,5,13,9,16,36,1,24,10,50,8,29,0,,8,32,21,26,86,17,21,22,16,2031,2592,,1165,57,33,200,817,521,23,309,,208,485,1367,817,628,647,181,21,,6211,7479,,,,202,,,,1347,165,327,422,206,325,643,,458,,178,175,889,450,214,2369,6172,8370,,447,419,,1159,,256,1605,113,,1006,,4061,5005,
4469,1380,205,1,Millar-1717-1718-GeneralBill,17,December,1717,16,December,1718,31,95,10,62,0,16,16,34,79,37,5,48,59,54,169,12,13,27,23,19,37,4,12,151,19,10,30,63,20,24,29,23,8,7,70,31,24,40,17,1,27,46,57,58,21,6,25,51,27,14,0,17,33,29,33,30,7,1,37,9,22,24,0,14,10,50,11,15,49,9,0,30,29,28,32,34,7,17,16,10,34,2,24,6,42,7,36,0,,6,39,18,20,99,18,19,13,12,1899,2759,,1348,66,35,258,871,586,26,345,,242,585,1559,819,765,751,169,12,,6166,8437,,,,229,,,,1789,202,314,535,196,484,728,,477,,219,305,891,443,215,2458,6333,9485,,524,464,,1336,,251,1860,162,,1245,,3909,5842,
4470,1381,206,1,Millar-1718-1719-GeneralBill,16,December,1718,15,December,1719,28,101,16,74,1,13,21,38,70,38,10,38,61,51,145,16,13,23,26,7,50,1,12,165,21,14,32,58,24,22,36,28,9,12,67,31,21,41,23,4,27,60,49,51,20,16,19,43,37,8,0,16,23,34,28,30,7,0,40,17,42,23,0,18,14,34,25,13,52,6,0,34,35,10,24,39,15,23,7,14,24,4,17,16,44,14,37,1,,6,40,14,37,120,17,21,20,24,1917,2870,,1357,72,36,247,964,601,30,348,,237,647,1589,1002,881,746,216,26,,6188,8999,,,,213,,,,1737,177,400,510,259,515,849,,638,,209,377,1016,508,343,2750,6421,10501,,491,523,,1349,,229,1956,110,,1319,,3887,5977,
4471,1382,179,1,Millar-1719-1720-GeneralBill,15,December,1719,13,December,1720,34,104,11,53,0,17,13,32,69,36,17,51,56,29,126,9,16,24,17,11,36,3,10,186,15,11,31,72,17,26,35,35,9,14,69,31,23,34,18,2,16,51,59,42,12,5,37,43,23,5,0,20,17,41,31,24,2,0,29,4,37,17,0,5,10,46,8,11,29,8,0,31,31,19,30,35,11,17,16,16,34,2,22,15,47,11,33,2,,5,38,30,28,99,17,25,24,13,1898,2686,,1296,60,24,208,819,516,17,357,,230,499,1481,786,771,728,250,27,,5931,8069,,,,263,,,,1747,173,313,413,169,454,664,,484,,207,322,884,442,229,2257,5901,9021,,434,522,,1196,,243,1927,146,,1210,,3749,5678,
4472,1383,180,1,Millar-1720-1721-GeneralBill,13,December,1720,12,December,1721,31,76,14,57,0,20,12,26,64,23,15,43,47,40,122,14,24,19,24,16,36,1,12,149,22,18,25,84,14,21,38,27,7,16,57,35,25,39,15,5,25,49,63,43,14,7,21,42,30,11,0,9,25,31,41,20,5,0,33,12,22,16,0,12,10,29,18,15,34,10,0,30,30,26,32,42,5,14,13,7,17,5,14,14,45,5,48,3,,7,38,35,15,96,17,20,11,19,1871,2588,,1221,52,30,191,816,544,18,306,,306,552,1419,929,775,681,240,25,,5944,8000,,,,222,,,,1698,172,348,458,194,,697,,458,,,350,937,526,278,2543,6462,9564,,409,561,,1379,,253,1969,141,,1278,,4093,5990,
4473,1384,220,1,Millar-1721-1722-GeneralBill,12,December,1721,11,December,1722,26,82,12,42,0,17,20,24,39,39,9,48,46,48,158,8,14,18,14,14,56,0,6,130,17,16,30,62,24,24,38,22,7,17,65,33,34,39,29,7,20,41,43,52,27,8,28,52,33,8,0,16,27,26,18,25,9,0,23,11,34,24,0,16,9,31,11,8,36,12,0,36,27,25,34,29,10,16,11,12,35,1,18,11,34,6,32,6,,3,33,28,17,94,13,15,15,12,1802,2555,,1219,70,43,235,847,648,29,331,,213,536,1571,904,788,786,156,30,,6280,8406,,,,242,,,,1528,163,275,510,209,404,757,,483,,171,277,943,412,286,2491,6332,9151,,354,509,,1281,,255,1910,171,,1158,,3905,5683,
4474,1385,222,1,Millar-1722-1723-GeneralBill,11,December,1722,10,December,1723,36,97,12,71,0,19,20,20,60,42,19,50,67,43,138,9,18,17,15,19,46,1,5,177,14,16,23,92,28,25,36,27,9,17,56,31,37,39,27,11,23,59,73,50,26,8,29,35,33,8,0,14,25,21,21,26,5,0,43,13,51,20,1,17,10,33,14,22,42,1,1,30,32,29,39,35,17,25,21,12,28,4,18,13,55,11,36,1,,9,41,26,19,110,15,20,22,15,1868,2896,,1315,56,33,218,988,621,34,290,,236,574,1865,1016,971,887,228,46,,6643,9378,,,,248,,,,1710,204,356,555,234,515,824,,583,,234,322,1083,553,284,2965,6778,10670,,402,549,,1415,,280,2074,177,,1356,,3914,6253,
4475,1386,223,1,Millar-1723-1724-GeneralBill,10,December,1723,15,December,1724,25,76,11,45,0,16,18,6,65,29,6,39,53,36,132,16,22,22,14,15,35,2,10,186,20,12,28,57,24,24,35,20,8,18,50,37,37,39,24,2,25,57,53,55,14,5,20,35,39,6,0,16,29,19,31,25,4,0,32,5,50,15,0,15,12,35,9,15,42,17,0,21,32,20,34,32,21,15,19,14,34,5,9,7,63,9,35,4,,7,33,19,34,91,19,26,7,14,1927,2618,,1090,62,33,198,874,593,35,352,,223,516,1609,907,804,731,250,26,,6499,8303,,,,234,,,,1505,174,314,444,200,370,765,,524,,218,319,935,492,249,2585,6973,9328,,364,523,,1244,,259,1962,161,,1190,,3971,5703,
4476,1387,207,1,Millar-1724-1725-GeneralBill,15,December,1724,14,December,1725,38,95,11,55,0,24,21,26,50,48,11,41,54,45,145,15,15,17,28,10,39,4,11,170,9,12,28,87,17,27,30,22,1,17,59,35,28,42,23,4,18,48,76,44,12,5,39,34,18,2,0,14,21,18,22,30,4,0,25,16,44,9,0,16,15,28,10,6,47,10,0,31,23,18,38,23,7,9,25,9,27,7,14,8,39,4,34,2,,7,39,19,23,74,21,27,17,17,1822,2607,,1166,48,30,236,843,504,36,350,,230,492,1631,848,681,740,268,20,,6320,8123,,,,257,,,,1554,171,357,477,209,384,761,,473,,140,274,905,445,244,2511,6890,9162,,414,577,,1390,,257,1643,130,,1220,,3827,5631,
4477,1388,208,1,Millar-1725-1726-GeneralBill,14,December,1725,13,December,1726,32,111,10,51,0,25,11,31,60,38,21,64,71,36,175,13,19,21,19,15,56,3,6,198,22,19,36,84,30,24,46,29,8,17,54,42,32,44,20,4,18,57,79,63,18,11,38,28,26,13,0,15,31,32,30,30,5,0,49,10,56,2,0,18,18,16,21,6,38,7,0,48,38,39,42,46,6,14,45,16,35,6,20,12,37,5,40,1,,11,36,24,22,82,26,15,26,19,1982,3043,,1271,73,55,280,965,659,39,352,,272,615,1779,1070,983,850,248,25,,6157,9536,,,,275,,,,1669,229,343,643,221,484,884,,483,,228,354,1209,573,273,2978,6919,10846,,558,661,,1498,,296,1822,102,,1223,,3750,6222,
4498,1389,238,1,Millar-1726-1727-GeneralBill,14,December,1726,12,December,1727,31,97,9,62,0,30,30,28,46,39,15,54,66,54,149,9,19,23,17,8,47,3,4,203,15,19,23,79,21,26,42,36,8,21,52,37,29,43,32,3,23,49,70,29,18,8,30,29,39,7,0,19,21,28,27,24,4,0,26,9,48,11,0,29,14,34,11,14,38,14,0,26,33,17,33,26,9,18,11,14,38,4,8,12,43,4,34,7,,5,41,25,15,61,19,16,13,20,1843,2754,,1219,64,26,268,960,620,40,333,,199,459,1796,921,748,788,270,22,,5933,8733,,,,225,,,,1623,237,370,578,216,487,962,,501,,246,341,1161,731,325,3150,6763,11153,,512,601,,1421,,257,1560,117,45,1265,,3713,5778,
4499,1390,239,1,Millar-1727-1728-GeneralBill,11,December,1727,10,December,1728,27,70,13,61,0,25,21,19,40,39,14,39,67,36,167,5,22,21,17,17,38,1,5,185,21,20,30,80,21,30,39,28,20,16,60,25,31,25,31,6,21,69,79,42,14,12,31,48,19,6,0,16,24,37,18,31,5,0,37,9,41,17,0,25,14,30,22,20,35,3,0,29,52,14,41,30,17,23,13,19,35,3,24,6,54,4,50,1,,4,49,15,24,48,16,23,11,31,1574,2793,,1245,45,35,248,833,564,35,387,,262,592,1694,877,888,784,371,34,,5570,8894,,,,213,,,,1481,217,324,621,198,553,858,,516,,269,382,1085,623,310,2812,6027,10462,,463,582,,1409,,283,1600,73,106,1145,,3481,5661,
4500,1391,201,1,Millar-1728-1729-GeneralBill,10,December,1728,9,December,1729,32,66,11,64,0,28,23,26,37,44,13,45,43,50,171,11,17,26,26,7,40,1,9,217,20,17,30,79,27,28,36,26,14,9,78,15,40,37,17,4,20,47,85,48,12,10,29,50,28,7,0,16,20,46,28,26,3,0,46,17,36,21,0,19,8,22,22,8,34,10,0,33,36,22,34,35,14,11,9,7,25,4,19,9,49,4,52,3,14,4,41,20,12,101,14,20,17,18,1703,2826,,1447,67,35,245,906,585,36,339,,243,536,1771,936,883,866,352,37,,5504,9284,,,355,226,,374,227,1650,200,365,611,249,478,814,,582,,211,353,1307,538,300,2327,6405,11247,,527,695,,1580,,257,1283,99,107,1276,,3448,6367,
4501,1392,202,1,Millar-1729-1730-GeneralBill,9,December,1729,15,December,1730,26,92,13,59,0,17,17,21,56,37,21,43,46,47,161,8,18,26,20,13,44,1,7,168,19,18,33,76,21,21,38,20,11,20,72,33,27,23,27,1,26,50,59,38,19,10,22,42,21,3,0,23,21,33,26,32,7,0,29,11,58,27,0,16,10,23,12,9,35,10,0,31,25,18,28,35,16,18,15,13,15,2,15,7,52,8,29,5,14,13,36,24,12,65,14,23,18,10,1564,2654,,1142,52,36,248,827,638,33,321,,183,377,1562,829,772,740,271,25,,5585,8056,,49,683,261,,792,196,1403,209,330,529,206,436,810,,532,,193,295,1184,487,321,1160,6082,10076,,479,545,521,1300,,238,1495,83,117,1300,,3687,5957,
4502,1393,203,1,Millar-1730-1731-GeneralBill,15,December,1730,14,December,1731,21,65,15,52,0,20,15,24,39,39,11,38,64,36,141,12,14,21,22,10,31,6,6,117,16,14,28,48,16,23,34,28,12,14,48,26,24,18,31,1,14,39,69,29,15,9,29,42,21,3,0,12,29,36,19,23,10,0,36,12,43,18,0,22,10,22,14,10,38,11,0,27,32,24,34,26,11,14,13,11,29,4,9,7,37,6,37,5,,8,24,19,16,58,23,13,7,17,1593,2346,,1233,57,34,229,850,525,27,298,,188,368,1585,937,761,663,261,20,,5809,8036,,184,576,209,255,631,206,945,188,317,608,190,417,754,,487,,200,359,1133,505,268,1009,6470,9441,,480,519,369,1173,80,210,1389,66,99,1054,,3958,5439,
4503,1394,212,1,Millar-1731-1732-GeneralBill,14,December,1731,12,December,1732,27,62,22,56,0,19,19,17,34,37,13,30,48,30,117,16,16,16,19,11,39,1,4,121,15,13,17,60,9,26,44,22,11,11,45,26,29,11,20,5,15,52,59,42,7,11,32,31,23,11,0,11,18,26,11,32,6,0,33,11,36,17,0,5,9,21,17,9,42,2,1,29,28,19,33,31,6,14,9,9,29,3,9,5,51,5,35,2,,3,30,10,10,64,16,19,6,21,1551,2224,,978,50,24,173,826,503,32,287,,184,349,1305,773,685,612,199,14,,5874,6994,,145,557,177,407,631,212,786,164,320,404,199,459,688,,464,,186,283,1050,442,258,910,6345,8742,,455,480,363,1114,221,260,1350,76,101,978,,4018,5398,
4504,1395,213,1,Millar-1732-1733-GeneralBill,12,December,1732,11,December,1733,37,79,13,68,1,20,23,27,44,40,21,45,87,46,189,9,15,21,19,12,25,2,9,127,20,14,24,74,11,21,52,39,13,16,44,19,32,19,22,3,16,46,58,38,21,8,33,26,36,4,0,12,18,42,28,27,9,0,34,9,41,24,0,15,12,19,16,15,33,7,3,30,18,19,39,45,16,15,18,2,21,2,16,7,44,8,45,2,,6,27,23,18,63,23,23,18,20,1480,2610,,1235,63,36,272,963,642,33,331,201,214,405,1733,845,810,853,214,17,,5768,8867,,187,753,260,567,773,262,1032,201,432,605,265,503,912,69,569,,252,336,1363,534,319,1230,6355,11424,,657,534,468,1230,285,267,1577,118,114,1082,,3862,6332,
4505,1396,221,1,Millar-1733-1734-GeneralBill,12,December,1733,10,December,1734,29,74,8,46,0,17,12,30,23,30,20,40,41,40,135,7,21,11,15,14,30,2,7,113,24,13,33,58,14,21,35,41,18,16,83,30,30,24,21,3,11,56,62,40,12,18,23,35,28,2,0,16,20,33,22,21,3,0,34,15,49,9,0,11,6,8,19,4,36,11,0,25,8,26,26,29,12,16,7,8,25,4,16,11,54,5,31,1,,8,33,11,13,71,11,18,20,24,1441,2346,,1002,47,29,226,838,659,34,296,387,186,384,583,552,755,715,210,26,,4909,6929,,217,807,236,436,715,222,955,199,268,480,191,481,842,920,506,,256,347,1191,480,286,1150,7171,11185,,511,426,518,1133,245,204,1297,90,104,1074,,4109,5602,
4506,1397,230,1,Millar-1734-1735-GeneralBill,12,December,1734,9,December,1735,15,61,8,56,0,18,14,30,40,25,8,26,45,43,149,7,15,24,13,9,25,1,2,112,12,12,20,56,14,32,30,22,8,13,66,17,22,25,22,1,13,41,51,33,15,9,13,16,21,2,0,7,14,19,17,19,2,1,40,13,37,22,0,12,5,16,4,5,49,11,0,26,25,18,23,21,9,10,3,1,19,3,17,4,39,13,20,0,,6,26,12,12,55,13,17,7,14,1424,2038,,917,42,26,238,744,505,35,214,352,206,289,503,440,643,686,177,21,,4770,6038,,113,712,188,370,695,208,1024,191,298,488,194,383,755,769,393,,239,287,1014,475,294,911,6742,10001,,440,406,527,1149,250,254,1252,92,97,994,,3937,5461,
4507,1398,231,1,Millar-1735-1736-GeneralBill,9,December,1735,7,December,1736,35,80,8,50,1,18,16,22,50,19,20,40,57,46,155,7,20,19,23,11,41,1,6,120,12,17,20,63,3,22,54,23,8,13,70,20,17,22,32,5,12,42,48,45,20,10,24,33,26,7,0,5,21,39,24,24,6,0,39,11,46,24,0,21,11,25,6,4,42,5,2,39,28,28,30,27,14,13,3,10,19,6,17,13,48,7,25,2,,3,32,13,7,66,19,20,14,7,1452,2398,,1217,45,23,250,909,584,33,274,391,174,389,640,523,760,775,235,22,,4475,7244,,169,766,208,509,810,278,1215,186,290,604,231,493,859,1061,481,,261,340,1252,447,271,1093,6780,11824,,615,477,521,1243,247,305,1478,96,127,1006,,3784,6115,
4528,1399,232,1,Millar-1736-1737-GeneralBill,7,December,1736,13,December,1737,32,61,13,51,1,18,15,30,33,30,12,43,47,38,132,5,16,24,20,16,47,0,13,146,12,13,33,66,17,20,32,23,11,8,73,19,21,19,17,5,15,61,48,24,14,18,19,33,38,3,0,15,25,34,26,17,0,0,30,10,42,8,0,23,6,9,11,13,41,7,1,41,34,20,34,30,10,17,9,11,23,0,16,10,38,1,16,4,,5,23,12,14,62,4,18,18,10,1430,2303,,1089,49,32,270,984,606,31,280,404,187,459,567,493,739,743,209,24,,4670,7166,,174,897,210,547,774,276,1203,200,322,472,234,469,921,995,571,,258,434,1311,601,290,1215,6735,12374,,535,508,530,1225,249,277,1467,116,122,951,,3925,5980,
4529,1400,233,1,Millar-1737-1738-GeneralBill,13,December,1737,12,December,1738,26,75,11,54,3,25,11,28,20,18,11,34,61,33,123,7,9,17,13,6,41,0,7,95,12,10,24,70,25,30,27,27,14,14,91,14,24,26,20,3,26,29,41,38,17,11,17,37,38,0,0,13,21,20,20,20,2,0,37,8,29,10,1,14,11,13,9,7,33,4,4,31,32,18,28,31,6,9,10,5,14,4,10,7,53,2,21,9,,5,26,17,11,37,16,12,14,12,1283,2129,,1030,62,26,224,730,538,32,244,350,155,374,549,456,706,708,188,27,,4325,6399,,158,691,184,525,736,241,1067,223,296,548,199,441,796,994,437,,289,331,1187,443,286,1119,6412,11191,,575,428,952,1141,221,293,1315,121,113,1141,,4040,6106,
4530,1401,209,1,Millar-1738-1739-GeneralBill,12,December,1738,11,December,1739,29,55,11,50,2,24,17,16,61,17,9,41,66,49,127,8,16,22,7,9,26,1,4,101,13,10,28,58,17,26,29,24,6,8,96,28,15,30,21,3,8,35,50,33,12,15,10,28,34,3,0,10,14,31,20,12,3,1,36,9,39,20,0,12,14,13,10,8,35,6,1,35,23,18,22,24,8,11,3,6,13,1,21,8,40,1,19,2,,6,21,17,5,60,7,12,11,19,1331,2115,,1107,68,23,255,782,614,28,240,375,168,367,724,443,736,681,161,26,,4450,6798,,150,763,197,520,618,259,985,184,260,510,196,539,850,959,448,,218,364,1114,404,240,995,6585,10773,,520,375,730,1181,171,297,1266,83,101,1022,,3815,5746,
4531,1402,210,1,Millar-1739-1740-GeneralBill,11,December,1739,16,December,1740,31,71,12,51,3,15,19,19,53,30,24,44,97,77,195,10,15,19,16,14,42,0,4,135,13,13,36,56,10,24,39,34,11,14,96,34,23,29,24,3,0,48,51,22,9,10,24,20,24,5,0,15,11,42,22,25,0,0,44,12,40,25,0,11,10,9,10,11,33,11,1,43,27,17,29,50,7,13,3,11,16,2,15,10,73,4,27,4,,13,39,20,16,62,16,17,22,24,1279,2580,,1315,75,25,278,953,693,29,353,448,218,342,943,514,749,827,205,34,,3852,8001,,203,940,208,606,873,322,1274,221,291,613,353,511,1058,1257,557,,267,410,1272,566,331,1217,6141,13250,,629,573,636,1462,265,361,1498,156,132,1268,,3955,6980,
4532,1403,224,1,Millar-1740-1741-GeneralBill,16,December,1740,15,December,1741,31,79,5,76,1,29,17,31,45,14,16,36,98,57,184,12,19,23,20,16,53,0,4,176,21,12,31,56,14,35,34,30,12,14,94,39,29,41,21,4,34,44,56,39,9,17,19,42,27,5,0,12,21,44,24,32,1,0,41,16,45,20,0,7,15,15,22,2,49,8,2,46,31,28,34,43,9,13,9,11,13,2,12,8,57,5,23,4,,13,31,15,14,59,13,12,16,20,1262,2738,,1399,94,14,283,1000,755,40,307,460,170,466,947,665,866,864,216,45,,3851,8501,,257,942,257,574,842,329,1186,247,355,665,243,606,1081,1369,582,,274,469,1496,542,398,1296,6080,14010,,525,487,779,1342,256,335,1506,185,133,1372,,3764,6920,
4533,1404,216,1,Millar-1741-1742-GeneralBill,15,December,1741,14,December,1742,26,76,11,64,1,12,17,25,42,33,16,48,72,35,179,6,10,26,19,9,58,0,18,139,23,7,35,70,23,27,35,22,13,11,79,32,27,21,26,3,23,40,43,41,14,12,19,36,26,3,0,12,14,28,30,14,6,0,34,6,32,26,0,11,6,15,18,4,32,12,0,34,28,35,34,28,10,11,2,10,18,7,16,5,34,2,20,1,,5,37,13,11,67,14,13,12,8,1099,2418,,1274,96,13,268,811,504,18,306,411,195,320,796,440,658,763,230,31,,3473,7134,,208,701,149,576,704,295,1021,201,292,611,222,468,873,1245,549,,301,348,1208,425,277,1049,5489,11724,0,533,455,966,1114,142,340,1411,83,98,1065,,3645,6207,
4534,1405,225,1,Millar-1742-1743-GeneralBill,14,December,1742,13,December,1743,33,64,11,49,0,14,23,20,38,19,14,41,54,39,135,6,5,19,14,7,49,1,6,100,10,8,30,57,14,24,23,17,19,7,54,28,30,29,20,1,20,49,52,43,16,11,13,31,25,4,0,10,23,29,25,12,4,0,32,8,27,16,0,18,13,12,21,6,27,12,0,23,26,16,25,25,17,19,1,7,11,8,12,5,37,1,22,3,,7,30,9,12,79,14,11,14,13,1135,2138,,1156,91,13,238,740,437,8,227,357,181,301,690,407,614,577,180,33,,4163,6250,,188,710,156,597,585,328,944,222,269,543,212,464,800,1071,484,,235,290,1136,439,223,1027,5962,10923,,657,412,805,1163,100,311,1263,90,107,981,,3790,5889,
4535,1406,214,1,Millar-1743-1744-GeneralBill,13,December,1743,11,December,1744,15,70,10,58,1,13,17,13,34,22,12,23,53,26,136,2,9,19,15,12,35,2,10,83,9,3,22,47,13,20,23,22,4,13,51,21,18,14,22,4,12,34,23,18,6,10,13,24,22,2,0,10,16,25,15,18,6,0,34,8,26,10,1,6,8,6,10,3,33,7,0,29,25,25,17,25,8,14,1,7,4,8,3,4,23,4,16,6,,3,20,14,12,56,11,11,13,7,1044,1768,1044,819,71,10,182,580,424,2,181,303,139,224,499,349,541,473,182,32,,3966,5011,,164,554,157,376,557,292,691,153,247,423,182,353,705,907,402,,189,299,918,388,251,796,5779,9004,,608,340,720,852,79,280,1006,117,64,757,,3472,4823,
4536,1407,215,1,Millar-1744-1745-GeneralBill ,11,December,1744,10,December,1745,27,55,7,39,0,15,24,15,46,13,3,29,47,32,128,5,9,19,10,4,37,0,5,93,6,7,26,49,12,21,17,20,10,11,53,25,15,18,18,1,15,37,38,12,13,4,15,13,21,1,0,9,15,24,23,10,6,0,25,4,21,9,0,9,10,11,15,10,29,2,2,23,24,23,13,28,8,8,3,3,10,2,8,3,25,5,13,2,,5,15,11,10,74,15,16,6,19,1104,1766,,840,53,10,170,600,403,0,216,323,134,250,443,401,491,506,155,22,,3846,5077,,216,661,143,384,509,260,752,160,237,386,178,384,770,1017,402,,207,303,1005,344,257,793,5644,9368,,640,298,665,972,96,264,1106,126,80,838,,3484,5058,
4537,1408,217,1,Millar-1745-1746-GeneralBill ,10,December,1745,11,December,1746,23,85,12,62,0,14,24,20,59,30,6,41,64,42,171,5,7,14,14,11,26,0,10,104,11,8,41,51,13,33,25,35,9,13,87,41,27,26,29,2,21,38,68,26,15,13,17,28,22,3,0,15,10,41,23,15,9,0,29,13,38,13,0,10,9,25,19,9,43,6,0,29,38,27,28,42,11,12,2,16,9,8,11,7,38,12,25,3,,6,24,14,14,59,19,23,8,20,1058,2378,,1168,104,23,268,827,537,0,259,370,209,347,622,430,698,648,212,25,,4015,6747,,204,733,228,500,824,411,1255,216,338,622,216,529,932,1313,468,252,270,376,1297,530,249,803,5533,12566,,898,459,818,1237,68,354,1316,191,79,1046,,3971,6466,
4558,1409,219,1,Millar-1746-1747-GeneralBill,10,December,1746,15,December,1747,26,80,7,47,0,26,14,29,43,34,9,38,59,42,142,2,7,19,19,8,43,1,3,110,8,11,33,56,16,37,19,21,17,11,62,30,18,25,25,2,19,44,50,28,12,14,23,20,20,3,0,9,21,17,18,15,5,0,40,10,22,12,0,9,9,15,15,8,42,4,0,25,27,17,18,20,20,14,2,4,9,5,9,6,21,5,21,5,,3,14,9,7,60,16,16,10,8,1092,2074,,822,96,22,222,793,461,0,231,308,181,307,547,405,606,587,181,31,,4214,5800,,215,754,192,420,681,352,1072,223,395,529,188,479,1027,1120,460,583,275,317,1207,476,276,435,5621,11676,,716,363,998,1136,90,309,1124,151,78,979,,4015,5944,
4559,1410,218,1,Millar-1747-1748-GeneralBill,15,December,1747,13,December,1748,34,71,7,31,0,23,17,16,67,29,3,35,59,33,126,11,2,17,20,10,35,0,9,81,5,10,22,55,14,29,9,41,12,7,69,37,19,19,21,3,19,42,43,17,14,16,17,33,16,1,0,10,13,22,21,8,6,0,40,7,23,13,2,14,13,24,13,7,19,6,0,20,27,19,17,21,2,11,3,2,6,9,7,2,47,5,27,1,,7,22,12,7,49,14,17,15,6,1014,1962,,776,82,20,222,793,438,0,240,335,165,287,527,347,581,525,188,31,,4032,5557,,214,681,186,393,551,334,1064,237,287,532,208,412,854,1058,457,449,262,360,1173,365,281,465,5316,10823,,539,371,1010,1028,66,330,1009,179,77,918,,3791,5527,
4560,1411,166,1,Millar-1748-1749-GeneralBill,13,December,1748,12,December,1749,34,66,5,34,0,19,17,20,40,23,1,38,73,35,172,4,0,17,12,16,43,2,5,129,5,3,35,55,14,23,8,29,12,10,73,32,12,15,21,3,12,19,47,23,14,8,21,31,16,1,0,16,11,24,27,15,4,1,19,5,22,10,0,16,11,27,13,6,34,8,0,24,22,11,31,22,8,10,6,6,10,5,13,11,24,2,21,3,,5,18,10,8,44,11,10,11,10,1026,1972,,963,70,28,247,801,416,0,232,353,155,351,593,340,758,620,172,23,,4010,6122,,228,642,222,486,608,396,1157,236,443,588,218,451,860,1129,436,469,309,405,1197,486,284,490,5539,11740,,462,437,975,1258,56,281,1184,94,84,851,,3685,5682,
4561,1412,164,1,Millar-1749-1750-GeneralBill,12,December,1749,11,December,1750,21,57,10,59,0,27,13,14,71,30,15,40,51,39,125,2,3,18,26,20,31,0,8,111,9,11,31,55,12,32,5,27,19,8,51,30,15,31,15,3,10,38,40,17,16,6,21,31,17,3,0,7,12,26,15,22,4,0,26,12,35,12,0,15,4,25,11,14,36,2,0,35,22,13,29,23,8,12,7,8,4,5,11,4,25,7,18,0,,3,20,11,4,44,15,13,6,18,1090,1987,,839,66,16,224,833,407,0,260,349,165,350,473,353,677,555,223,36,,4184,5826,,224,719,183,377,556,367,1068,190,347,543,216,453,915,1126,444,508,265,259,1136,441,252,427,5692,11016,,380,369,651,1114,0,281,1081,68,58,896,,3582,4898,
4562,1413,153,1,Millar-1750-1751-GeneralBill,11,December,1750,10,December,1751,25,52,8,34,0,24,8,14,60,23,9,21,50,40,108,6,11,16,13,3,32,0,4,91,16,9,17,59,11,25,23,24,11,5,74,30,9,14,15,1,19,28,29,22,11,6,17,24,8,2,0,3,12,18,22,13,4,0,16,15,22,10,0,19,2,27,14,7,25,3,0,23,29,14,31,21,2,7,8,5,10,1,6,2,36,3,21,4,,2,8,16,7,56,13,5,10,15,1070,1748,,728,70,25,215,675,372,0,176,332,131,332,459,267,598,510,192,14,,4158,5096,,151,589,183,365,508,373,912,188,322,465,167,388,754,988,425,430,198,244,967,378,249,374,5819,9618,,386,325,658,1001,84,273,920,60,63,796,,3644,4566,